{
  "input_params": {
    "L": 61.0,
    "mu": -2.1203324794769287,
    "t": 1.9805852174758911,
    "delta": 0.60959792137146,
    "disorder_strength": 0.1387556493282318
  },
  "edge_localization": 0.3128679096698761,
  "has_mzm": "Yes",
  "min_energy": 9.877607226371765e-06,
  "near_zero_states": 22,
  "bdg_eigenstates": [
    -6.198489189147949,
    -6.145980358123779,
    -6.116063117980957,
    -6.067142486572266,
    -6.016256332397461,
    -5.949426651000977,
    -5.880884170532227,
    -5.799756050109863,
    -5.712883472442627,
    -5.620538234710693,
    0.0032830541022121906,
    -0.003306187689304352,
    0.0033115558326244354,
    -0.003301050513982773,
    -0.001922396942973137,
    0.0009207181865349412,
    0.0015888074412941933,
    -0.0012404397130012512,
    0.008937574923038483,
    -0.007456932216882706,
    0.003640073351562023,
    -0.0019184015691280365,
    -0.000979272648692131,
    -0.0016760490834712982,
    -0.0010880492627620697,
    0.00041773682460188866,
    -0.005967196077108383,
    -0.0017511394107714295,
    -0.0042945160530507565,
    -0.002203620970249176,
    -0.003149615600705147,
    0.0006938045844435692,
    -0.002278592437505722,
    0.009405585005879402,
    -0.0031586801633238792,
    -0.0006197327747941017,
    -0.0020096064545214176,
    -0.006534164771437645,
    0.007532504387199879,
    -0.002962132915854454,
    0.009151779115200043,
    0.0014813393354415894,
    0.0017180461436510086,
    0.004581180866807699,
    0.0002963487058877945,
    -0.0014745406806468964,
    -0.0020172372460365295,
    0.006704680621623993,
    -0.0023100320249795914,
    -0.003019200637936592,
    0.007148519158363342,
    0.0012917760759592056,
    -0.0007767071947455406,
    -0.005165587179362774,
    -0.0010937685146927834,
    -0.007449771277606487,
    0.004284907132387161,
    -0.008782695978879929,
    0.0006206575781106949,
    -0.0005923648132011294,
    -0.003336310386657715,
    0.004509177058935165,
    -0.0011217142455279827,
    0.003851410001516342,
    0.002793882042169571,
    0.008026476949453354,
    0.00273730605840683,
    -0.00010857731103897095,
    -0.003832656890153885,
    -0.0029653646051883698,
    -0.006135912612080574,
    -0.00018087029457092285,
    -0.0024177171289920807,
    0.002268882468342781,
    0.0046909283846616745,
    -0.002446914091706276,
    -0.00040411436930298805,
    0.006978550925850868,
    -0.001776199322193861,
    0.004041160456836224,
    -0.004847085103392601,
    0.0028482917696237564,
    0.007869254797697067,
    0.0002698805183172226,
    0.0037618912756443024,
    0.0062905577942729,
    -0.007076956331729889,
    -0.008359699510037899,
    -0.0033044852316379547,
    0.0007026586681604385,
    -0.003816002979874611,
    -9.877607226371765e-06,
    0.0011369772255420685,
    0.007888466119766235,
    -0.0008798185735940933,
    0.00432951282709837,
    -0.0008491836488246918,
    -0.005917126312851906,
    0.002140249591320753,
    -0.0010673664510250092,
    0.0028706174343824387,
    -0.004079659469425678,
    0.002010021358728409,
    -0.004810655489563942,
    -0.001187160611152649,
    0.0004073288291692734,
    -9.781587868928909e-05,
    -0.001225234940648079,
    -0.009032946079969406,
    -0.001489376649260521,
    0.008964301086962223,
    -0.0008009457960724831,
    0.00024947000201791525,
    -0.003190223127603531,
    -0.0019111931324005127,
    -0.0005207268986850977,
    0.004655824974179268,
    -0.008728347718715668,
    -0.0049056969583034515,
    -0.006614184007048607,
    -0.005916730500757694,
    0.0012841671705245972
  ]
}